Row,Quantity Per PCB,References,Value,Datasheet,Footprint,Description,manf,manf#
1,2,C1003 C1201,10n,https://www.mouser.de/datasheet/2/40/cx5r_KGM-3223198.pdf,C_0603_1608Metric,Unpolarized capacitor,KYOCERA AVX,06035A103KAT2A
2,10,C703 C902 C1001 C1002 C1004 C1101 C1102 C1103 C1104 C1105,100n,https://www.mouser.de/datasheet/2/40/cx5r_KGM-3223198.pdf,C_0603_1608Metric,Unpolarized capacitor,KYOCERA AVX,06031C104MAT2A
3,13,C701 C702 C802 C803 C804 C805 C807 C808 C809 C810 C811 C812 C901,1u,https://www.mouser.de/datasheet/2/40/cx5r_KGM-3223198.pdf,C_0603_1608Metric,Unpolarized capacitor,KYOCERA AVX,06036C105MAT2A
4,1,C801,4u7,https://datasheets.kyocera-avx.com/KGM_Y5V.pdf,C_0603_1608Metric,Unpolarized capacitor,KYOCERA AVX,0603ZG475ZAT2A
5,1,C806,10u,https://datasheets.kyocera-avx.com/cx5r-KGM.pdf,C_0603_1608Metric,Unpolarized capacitor,KYOCERA AVX,0603YD106MAT2A
6,2,D1101 D1102,FLASH,https://downloads.cree-led.com/files/ds/x/XLamp-XPG3-Horizon.pdf,XP-G,Light emitting diode,Cree LED,XPGDWT-BS-0000-00Q2E
7,1,F701,6 V / 4.5 A,https://www.littelfuse.com/media?resourcetype=datasheets&itemid=b786faf0-de16-4763-9d22-6b8080943caf&filename=low%2520rho_datasheet_update.pdf,Fuse_1206_3216Metric,"Resettable fuse, polymeric positive temperature coefficient",Littelfuse,1206L450SLWR
8,1,IC702,BQ21040DBV,https://www.ti.com/lit/ds/symlink/bq21040.pdf,SOT-23-6,"Single cell, 0.8A Li-Ion/Li-Po linear charge management controller, up to 30V input, 4.2V charge voltage, Open-Drain Status Output, Temperature sense input, SOT-23-6",Texas Instruments,BQ21040DBVR
9,1,IC803,LP5907MFX-1.5,https://www.ti.com/lit/gpn/lp5907,SOT-23-5,"250-mA Ultra-Low-Noise Low-IQ LDO, 1.5V, SOT-23",Texas Instruments,LP5907MFX-1.5/NOPB
10,2,IC802 IC805,LP5907MFX-2.8,https://www.ti.com/lit/gpn/lp5907,SOT-23-5,"250-mA Ultra-Low-Noise Low-IQ LDO, 2.8V, SOT-23",Texas Instruments,LP5907MFX-2.8/NOPB
11,1,IC804,LP5907MFX-3.0,http://www.ti.com/lit/ds/symlink/tlv755p.pdf,SOT-23-5,"500mA Low Dropout Voltage Regulator, Fixed Output 3.0V, SOT-23-5",Texas Instruments,TLV75530PDBVR
12,1,IC703,MAX17048,https://www.analog.com/media/en/technical-documentation/data-sheets/MAX17048-MAX17049.pdf,TDFN-8-1EP_2x2mm_P0.5mm_EP0.8x1.2mm,,Analog Devices / Maxim Integrated,MAX17048G+T10
13,3,IC1002 IC1103 IC1202,PCA9306JK,https://www.nxp.com/docs/en/data-sheet/PCA9306.pdf,XSON-8_0.65x0.17mm_P0.35mm,Dual bidirectional I2C Bus and SMBus voltage level translator,NXP Semiconductors,PCA9306JKZ
14,1,IC1104,"PCA9633DP1,118",http://www.nxp.com/docs/en/data-sheet/PCA9633.pdf,TSSOP-8_3x3mm_P0.65mm,"NXP PCA9633DP1,118, LED Driver 8-Segments, 2.5 V, 3.3 V, 5 V, 8-Pin TSSOP",NXP Semiconductors,"PCA9633DP1,118"
15,1,IC1101,PCAL6416AHF,https://www.nxp.com/docs/en/data-sheet/PCAL6416A.pdf,HVQFN-24-1EP_4x4mm_P0.5mm_EP2.1x2.1mm,"IO expander 16 GPIO, I2C 400kHz, Interrupt, 1.65 - 5.5V, HWQFN-24",NXP Semiconductors,"PCAL6416AHF,128"
16,1,IC1105,RV-8263-C8,https://www.microcrystal.com/fileadmin/Media/Products/RTC/Datasheet/RV-8263-C8.pdf,RV-8263-C8,,Micro Crystal,RV-8263-C8 32.768kHz-20PPM-TA-QA
17,1,IC1102,TMP117xxYBG,https://www.ti.com/lit/ds/symlink/tmp117.pdf,WSON-6-1EP_2x2mm_P0.65mm_EP1x1.6mm,"Digital Temperature Sensor with I2C/SMBus Interface, 16 bits, ±0.3°C, one-shot conversion, alert, nist traceable, EEPROM, WSON",Texas Instruments,TMP117MAIDRVR
18,1,IC801,TPS62823DLC,http://www.ti.com/lit/ds/symlink/tps62823.pdf,Texas_VSON-HR-8_1.5x2mm_P0.5mm,"3A Step-Down Converter with DCS-Control, adjustable output, 2.4-5.5V input voltage, QFN-8",Texas Instruments,TPS62823DLCT
19,1,IC1201,TXB0102DCU,http://www.ti.com/lit/ds/symlink/txb0102.pdf,VSSOP-8_2.3x2mm_P0.5mm,"2-Bit Bidirectional Voltage-Level Translator With Auto Direction Sensing and ±15-kV ESD Protection, VSSOP-8",Texas Instruments,TXB0102DCUT
20,2,IC1001 IC1003,TXB0104RUT,http://www.ti.com/lit/ds/symlink/txb0104.pdf,Texas_R-PUQFN-N12,"4-Bit Bidirectional Voltage-Level Translator, Auto Direction Sensing and ±15-kV ESD Protection, 1.2 - 3.6V APort, 1.65 - 5.5V BPort, Texas_PUQFN-12",Texas Instruments,TXB0104RUTR
21,1,IC701,USBLC6-2P6,https://www.st.com/resource/en/datasheet/usblc6-2.pdf,SOT-666,"Very low capacitance ESD protection diode, 2 data-line, SOT-666",STMicroelectronics,USBLC6-2P6
22,1,L801,470n,https://www.mouser.de/datasheet/3/76/2/J_E_TE243A_0001.pdf,L_Murata_DFE201610P,Inductor,Murata Electronics,DFE201610E - R47M
23,1,M901,ESP32-S3-WROOM-1,https://www.espressif.com/sites/default/files/documentation/esp32-s3-wroom-1_wroom-1u_datasheet_en.pdf,ESP32-S3-WROOM-1,"RF Module, ESP32-S3 SoC, Wi-Fi 802.11b/g/n, Bluetooth, BLE, 32-bit, 3.3V, onboard antenna, SMD",Espressif Systems,ESP32-S3-WROOM-2-N32R16V
24,2,Q1101 Q1102,DMN2053UQ,https://www.diodes.com/assets/Datasheets/DMN2053UQ.pdf,SOT-23,"50V Vds, 0.22A Id, N-Channel MOSFET, SOT-23",Diodes Incorporated,DMN2053UQ-7
25,1,Q701,Si2333CDS,https://www.vishay.com/docs/68717/si2333cd.pdf,SOT-23-3,"-5.1A Id, -12V Vds, P-Channel MOSFET, SOT-23",Vishay / Siliconix,SI2333CDS-T1-BE3
26,5,R706 R707 R711 R1002 R1201,0R,https://www.mouser.de/datasheet/3/40/1/cr.pdf,R_1206_3216Metric,Resistor,Bourns,CR0603-J/-000ELF
27,2,R1104 R1106,10R,https://www.vishay.com/doc?20132,R_1206_3216Metric,Resistor,Vishay,RCA120610R0FKEASR
28,2,R703 R709,1k,https://www.mouser.de/datasheet/2/54/cr-1858361.pdf,R_0603_1608Metric,Resistor,Bourns,CR0603-JW-102ELF
29,2,R1204 R1205,2k8,https://www.mouser.com/catalog/specsheets/YAGEO_PYu_RC_Group_51_RoHS_L_12.pdf,R_0603_1608Metric,Resistor,YAGEO,RC0603FR-072K83L
30,9,R901 R902 R1004 R1005 R1107 R1108 R1110 R1111 R1112,3k3,https://www.mouser.com/catalog/specsheets/YAGEO_PYu_RC_Group_51_RoHS_L_12.pdf,R_0603_1608Metric,Resistor,YAGEO,RC0603FR-073K3L
31,2,R701 R702,5k1,https://www.mouser.de/datasheet/2/54/cr-1858361.pdf,R_0603_1608Metric,Resistor,Bourns,CR0603-JW-512ELF
32,3,R804 R903 TH701,10k,https://www.mouser.de/datasheet/2/54/cr-1858361.pdf,R_0603_1608Metric,Resistor,YAGEO,RC0603FR-073K3L
33,1,R803,45k,https://www.mouser.de/datasheet/2/54/cr-1858361.pdf,R_0603_1608Metric,Resistor,Bourns,CR0603-FX-4532ELF
34,21,R704 R710 R801 R802 R805 R806 R807 R808 R1001 R1003 R1101 R1102 R1103 R1105 R1202 R1203 R1401 R1402 R1403 R1404 R1405,100k,https://www.mouser.de/datasheet/2/54/cr-1858361.pdf,R_0603_1608Metric,Resistor,Bourns,CR0603-JW-104ELF
35,3,R1006 R1109 R1206,200k,https://www.mouser.com/catalog/specsheets/YAGEO_PYu_RC_Group_51_RoHS_L_12.pdf,R_0603_1608Metric,Resistor,YAGEO,RC0603FR-073K3L
36,1,SW701,On / Off,https://ckswitches.com/media/1428/os.pdf,SW_Slide_SPDT_Angled_CK_OS102011MA1Q,"Switch, single pole double throw",C&K,OS102011MA1QN1
37,1,SW901,Reset,https://www.mouser.de/datasheet/3/6118/1/ts11.pdf,TS11,"Generic push-button switch, two contact pins and shield pin(s)",Same Sky,TS11-674-50-BK-260-RA-D
38,1,X702,Battery,https://www.mouser.com/catalog/specsheets/JST_B2B_PH_SM4_TB_LF_SN_ePH.pdf?_gl=1*1q49kc1*_gcl_aw*R0NMLjE3Njc4MTgyNTEuQ2owS0NRaUFwZmpLQmhDMEFSSXNBTWlSX0lzdkJ5TENnX010TTZNVG9xREFmVmI5TVlsSHQ2OXlNZmxfSmM2M1BITW9jMUNYYXE4LS1Kd2FBa3Y1RUFMd193Y0I.*_gcl_au*Mjc1Njk5MzM3LjE3NjUxMzEwODIuMzAwMjEyMTU0LjE3Njc4MTc1MDQuMTc2NzgxNzU2Mg..*_ga*MTI4ODM2MzAzLjE3NjU0MzcxNTg.*_ga_15W4STQT4T*czE3Njc4MTc1MDUkbzI0JGcxJHQxNzY3ODE4MjUxJGo2MCRsMCRoMA..,S2B-PH-SM4-TB,"Generic connector, single row, 01x02, script generated (kicad-library-utils/schlib/autogen/connector/)",JST Commercial,S2B-PH-SM4-TB(LF)(SN)
39,1,X1201,Camera,https://cdn.amphenol-cs.com/media/wysiwyg/files/drawing/f32r-f32j.pdf,Amphenol_F32R-1A7x1-11024_1x24-1MP_P0.5mm_Horizontal,"Generic connectable mounting pin connector, single row, 01x24, script generated (kicad-library-utils/schlib/autogen/connector/)",Amphenol Aorora,F32R-1A7H1-11024
40,1,X1401,Displayboard,https://cdn.amphenol-cs.com/media/wysiwyg/files/drawing/f32r-f32j.pdf,Amphenol_F32R-1A7x1-11014_1x14-1MP_P0.5mm_Horizontal,"Generic connectable mounting pin connector, single row, 01x14, script generated (kicad-library-utils/schlib/autogen/connector/)",Amphenol Aorora,F32R-1A7H1-11014
41,1,X1001,LEPTON,https://www.molex.com/content/dam/molex/molex-dot-com/products/automated/en-us/salesdrawingpdf/105/105028/1050281001_sd.pdf,105028-1001,"Generic connector, double row, 02x16, odd/even pin numbering scheme (row 1 odd numbers, row 2 even numbers), script generated (kicad-library-utils/schlib/autogen/connector/)",Molex,105028-1001
42,1,X1301,Micro SD-Card,https://datasheet.lcsc.com/lcsc/2110151630_XKB-Connectivity-XKTF-015-N_C381082.pdf,microSD_HC_Hirose_DM3BT-DSF-PEJS,Micro SD Card Socket with one card detection pin,Hirose Connector,DM3BT-DSF-PEJS
43,1,X701,USB,https://www.usb.org/sites/default/files/documents/usb_type-c.zip,USB_C_Receptacle_GCT_USB4110,USB 2.0-only 14P Type-C Receptacle connector,GCT,USB4110-GF-A
44,2,Y1001 Y1201,25 MHz,https://www.mouser.de/datasheet/2/3/ASDDV-1826270.pdf,Oscillator_SMD_Abracon_ASDMB-4Pin_2.5x2.0mm,"Crystal Clock Oscillator, Abracon ASCO",ASDDV-25.000MHz-LC-T3,ABRACON
